1,KO,1.5_21,0.4926676654413496,350.30000000000007,44.0-43.5-42.0-41.5
2,VXX,1.5_21,0.9522330897122073,309.5000000000001,19.5-19.0-17.0-16.5
3,CRM,1.5_21,2.8476130982180248,289.90000000000003,50.5-50.0-43.5-43.0
4,TBT,1.5_21,3.4354287006344424,276.22,72.5-70.0-60.0-57.5
5,SDS,1.5_21,2.639958806496798,265.49999999999983,42.0-41.5-35.5-35.0
6,CMG,1.5_21,7.4246337572011925,251.04000000000002,390.0-385.0-365.0-360.0
7,FMCN,1.5_21,0.263141053972416,208.0,28.5-28.0-27.0-26.5
8,NKE,1.5_21,2.223006169260765,197.32,72.5-70.0-62.5-60.0
9,MDLZ,1.5_21,0.5314138822854697,188.8,33.0-32.5-30.5-30.0
10,FAS,1.5_21,7.2068147065319845,174.56,80.0-77.5-62.5-60.0
11,ISRG,1.5_21,13.894691663673989,170.03,505.0-500.0-470.0-465.0
12,ARNA,1.5_21,0.3235837272970145,154.30000000000004,9.0-8.5-7.5-7.0
13,GILD,1.5_21,2.912150898759,153.28,62.5-60.0-52.5-50.0
14,FB,1.5_21,1.223041291208109,151.9,28.0-27.5-25.0-24.5
15,FAZ,1.5_21,4.581235446283645,135.19999999999993,37.0-36.5-27.0-26.5
16,TZA,1.5_21,4.527815580229768,133.5,36.0-35.5-26.0-25.5
17,UA,1.5_21,3.236868195383574,122.56,70.0-67.5-57.5-55.0
18,WAG,1.5_21,0.9111670303203772,98.2,51.5-51.0-48.5-48.0
19,MPEL,1.5_21,0.9114068795000398,96.5,25.5-25.0-23.0-22.5
20,NAV,1.5_21,3.085097879901289,81.79999999999998,42.0-41.5-35.0-34.5
21,UNXL,1.5_21,3.261027171657071,81.29999999999998,31.0-30.5-23.5-23.0
22,BBRY,1.5_21,0.9484240688034622,76.80000000000001,16.5-16.0-13.5-13.0
23,TNA,1.5_21,5.171419361672935,66.66,60.0-57.5-45.0-42.5
24,IP,1.5_21,1.6353757759522511,64.4,50.5-50.0-46.5-46.0
25,VHC,1.5_21,2.006655266143853,63.5,25.0-24.5-20.0-19.5
26,S,1.5_21,0.14363271612991657,63.0,8.0-7.5-7.0-6.5
27,BBY,1.5_21,1.7644164352960603,60.300000000000004,29.5-29.0-25.0-24.5
28,DELL,1.5_21,0.14563285539818457,59.7,14.5-14.0-13.0-12.5
29,LNKD,1.5_21,11.097605147057628,56.769999999999996,200.0-195.0-170.0-165.0
30,NFLX,1.5_21,27.887766519184915,56.54,275.0-270.0-210.0-205.0
31,FSLR,1.5_21,5.365827289430772,52.0,57.0-56.0-44.5-44.0
32,AAPL,1.5_21,18.051173448203933,43.400000000000006,460.0-455.0-415.0-410.0
33,TXN,1.5_21,1.132414613621202,43.4,38.5-38.0-35.5-35.0
34,TGT,1.5_21,0.8959856902556309,41.6,75.0-72.5-70.0-67.5
35,FFIV,1.5_21,5.046334348528924,39.800000000000004,92.5-90.0-77.5-75.0
36,CHK,1.5_21,0.9410461503788518,39.49999999999999,22.0-21.5-19.0-18.5
37,WLT,1.5_21,1.2038060178332006,38.7,20.0-19.5-16.5-16.0
38,QCOR,1.5_21,5.876000188417775,32.65,45.0-44.0-31.0-30.0
39,VOD,1.5_21,0.5145001041232713,31.5,31.5-31.0-29.5-29.0
40,PM,1.5_21,1.7316885854976527,31.36,100.0-97.5-92.5-90.0
41,IOC,1.5_21,7.106495821228832,31.320000000000004,100.0-97.5-82.5-80.0
42,WMB,1.5_21,1.0623044357836944,30.7,39.0-38.5-36.0-35.5
43,VMW,1.5_21,4.31553576379242,29.259999999999998,87.5-85.0-72.5-70.0
44,HES,1.5_21,2.566265560804537,29.240000000000006,75.0-72.5-65.0-62.5
45,DECK,1.5_21,3.311559138619062,28.360000000000003,60.0-57.5-47.5-45.0
46,PSX,1.5_21,2.8954337202863796,27.280000000000005,72.5-70.0-62.5-60.0
47,VLO,1.5_21,2.022183226119731,27.200000000000003,44.0-43.5-39.0-38.5
48,HPQ,1.5_21,0.9950278172708829,26.000000000000007,23.0-22.5-20.0-19.5
49,JOY,1.5_21,3.050470982370708,25.56,62.5-60.0-52.5-50.0
50,CF,1.5_21,7.34726720333097,25.46,205.0-200.0-180.0-175.0
51,AMZN,1.5_21,6.897365180166353,24.81,285.0-280.0-260.0-255.0
52,KORS,1.5_21,3.9916621135275747,20.939999999999998,67.5-65.0-55.0-52.5
53,YUM,1.5_21,2.597557162852379,20.84,77.5-75.0-67.5-65.0
54,APC,1.5_21,4.006042801639973,17.52,97.5-95.0-85.0-82.5
55,XME,1.5_21,1.4962188056182537,15.399999999999995,39.5-39.0-35.5-35.0
56,CREE,1.5_21,3.6191612090569905,15.28,67.5-65.0-55.0-52.5
57,MCD,1.5_21,1.4842945654899038,15.159999999999998,110.0-105.0-100.0-95.0
58,LULU,1.5_21,4.738513781465961,14.940000000000001,90.0-87.5-75.0-72.5
59,GRPN,1.5_21,0.6804195134516017,14.7,8.5-8.0-6.0-5.5
60,PCLN,1.5_21,62.94704687842223,14.609999999999998,885.0-880.0-750.0-745.0
61,BIDU,1.5_21,5.850147067748444,14.32,105.0-102.5-87.5-85.0
62,COH,1.5_21,3.5962370214274957,14.279999999999998,67.5-65.0-55.0-52.5
63,NDX,1.5_21,110.61657261846958,13.309999999999993,3145.0-3140.0-2915.0-2910.0
64,EEM,1.5_21,1.0666953307160512,13.200000000000003,45.0-44.5-42.0-41.5
65,MA,1.5_21,25.089890906783253,12.25,615.0-610.0-555.0-550.0
66,TSO,1.5_21,4.1546314947469005,11.96,70.0-67.5-57.5-55.0
67,BP,1.5_21,1.3207976486091386,11.499999999999996,45.0-44.5-41.5-41.0
68,UNG,1.5_21,1.359904539716982,11.3,24.0-23.5-20.5-20.0
69,AET,1.5_21,2.3125062934277305,10.98,65.0-62.5-57.5-55.0
70,NTAP,1.5_21,1.8719563868545972,10.599999999999998,40.5-40.0-35.5-35.0
71,SLB,1.5_21,3.167924004770316,10.58,82.5-80.0-72.5-70.0
72,JPM,1.5_21,1.921247083834574,10.459999999999999,57.5-55.0-50.0-47.5
73,RUT,1.5_21,37.54345469395621,9.769999999999998,1040.0-1035.0-955.0-950.0
74,MON,1.5_21,2.673421764064066,9.04,120.0-115.0-105.0-100.0
75,LVS,1.5_21,2.6091804953170366,8.06,65.0-62.5-55.0-52.5
76,XEO,1.5_21,20.003955394585617,7.599999999999999,775.0-770.0-725.0-720.0
77,OEX,1.5_21,20.003955394585617,7.599999999999999,775.0-770.0-725.0-720.0
78,ANF,1.5_21,4.250111511142132,6.94,62.5-60.0-47.5-45.0
79,SLV,1.5_21,0.8706653859466988,5.6,23.0-22.5-20.5-20.0
80,GS,1.5_21,7.8055099357532605,5.38,175.0-170.0-150.0-145.0
81,ANR,1.5_21,0.32631875301831564,5.1,8.0-7.5-6.0-5.5
82,BAX,1.5_21,1.5750921741735797,5.08,77.5-75.0-70.0-67.5
83,GG,1.5_21,1.6133763399423313,4.799999999999999,28.0-27.5-24.0-23.5
84,EWZ,1.5_21,0.9916528410400779,4.760000000000001,60.0-57.5-52.5-50.0
85,SBUX,1.5_21,2.6391159233998893,4.74,70.0-67.5-60.0-57.5
86,NEM,1.5_21,1.3868007890722542,4.700000000000003,33.0-32.5-29.0-28.5
87,T,1.5_21,0.7904960016163445,4.0,39.0-38.5-36.5-36.0
88,TIF,1.5_21,3.219698965520135,3.3000000000000003,85.0-82.5-72.5-70.0
89,WMT,1.5_21,0.771408729903563,2.78,82.5-80.0-75.0-72.5
90,EBAY,1.5_21,2.434049755918254,2.78,62.5-60.0-52.5-50.0
91,AGQ,1.5_21,1.9181210113769442,2.599999999999998,25.0-24.5-20.0-19.5
92,GOOG,1.5_21,31.051405092431565,2.5500000000000007,950.0-945.0-875.0-870.0
93,WYNN,1.5_21,6.260558510000754,2.29,155.0-150.0-130.0-125.0
94,JCP,1.5_21,1.7961789801051087,1.9000000000000021,20.5-20.0-16.0-15.5
95,HD,1.5_21,2.3963572801829267,1.86,82.5-80.0-72.5-70.0
96,FXI,1.5_21,1.1333353116229237,1.7000000000000002,40.0-39.5-36.5-36.0
97,EFA,1.5_21,1.8005392049526225,1.6400000000000001,67.5-65.0-60.0-57.5
98,C,1.5_21,2.817632935132408,1.4399999999999995,57.5-55.0-47.5-45.0
99,DDD,1.5_21,7.965728645713639,1.299999999999999,56.0-55.0-38.0-37.0
100,CAT,1.5_21,3.954554020366899,0.9800000000000003,95.0-92.5-82.5-80.0
101,MOS,1.5_21,2.5375308583626843,0.8799999999999999,67.5-65.0-57.5-55.0
102,MCP,1.5_21,0.9714468223075459,0.7000000000000027,8.0-7.5-5.5-5.0
103,PBR,1.5_21,1.1930131420662793,0.6999999999999993,20.5-20.0-17.5-17.0
104,COF,1.5_21,2.1583565176177113,0.6799999999999997,67.5-65.0-57.5-55.0
105,UNH,1.5_21,2.180333853859476,0.6200000000000001,70.0-67.5-60.0-57.5
106,FCX,1.5_21,2.117325722293505,0.5000000000000004,35.5-35.0-30.5-30.0
107,FXE,1.5_21,1.4233528073832291,0.4,135.0-130.0-125.0-120.0
108,QCOM,1.5_21,2.288993540526365,0.28,72.5-70.0-62.5-60.0
109,YHOO,1.5_21,1.6403621115908698,0.0,29.0-28.5-24.5-24.0
110,XOM,1.5_21,2.1422517359078053,0.0,97.5-95.0-87.5-85.0
111,X,1.5_21,1.338256461648087,0.0,20.5-20.0-16.5-16.0
112,WFM,1.5_21,9.942173375503542,0.0,120.0-115.0-90.0-85.0
113,WFC,1.5_21,1.2187248898512155,0.0,42.0-41.5-38.5-38.0
114,VZ,1.5_21,0.862631356457009,0.0,57.5-55.0-50.0-47.5
115,VALE,1.5_21,0.8121103461265065,0.0,17.0-16.5-14.5-14.0
116,V,1.5_21,10.414672531029066,0.0,200.0-195.0-170.0-165.0
117,UTX,1.5_21,2.688433160252055,0.0,105.0-102.5-92.5-90.0
118,UPS,1.5_21,3.015800178109571,0.0,95.0-92.5-85.0-82.5
119,UNP,1.5_21,6.756367790039683,0.0,175.0-170.0-150.0-145.0
120,TSLA,1.5_21,23.394711375803357,0.0,117.5-115.0-67.5-65.0
121,SU,1.5_21,2.2649432348610548,0.0,35.0-34.5-29.5-29.0
122,STX,1.5_21,3.9677655190655754,0.0,46.0-45.5-37.5-37.0
123,SNDK,1.5_21,3.8422175516602004,0.0,67.5-65.0-55.0-52.5
124,SLW,1.5_21,1.2885943338160608,0.0,24.0-23.5-20.0-19.5
125,SINA,1.5_21,6.922462737865972,0.0,70.0-67.5-52.5-50.0
126,POT,1.5_21,2.5932287514106545,0.0,47.0-46.5-41.0-40.5
127,PG,1.5_21,2.557517490514138,0.0,87.5-85.0-75.0-72.5
128,PFE,1.5_21,1.2542897819654182,0.0,31.0-30.5-27.5-27.0
129,OXY,1.5_21,5.3932205459394,0.0,102.5-100.0-85.0-82.5
130,ORCL,1.5_21,1.162972484627216,0.0,37.0-36.5-33.5-33.0
131,NVDA,1.5_21,0.9569432361132277,0.0,16.5-16.0-13.5-13.0
132,MU,1.5_21,1.0525270610705053,0.0,13.0-12.5-10.0-9.5
133,MSFT,1.5_21,1.8395016794152235,0.0,37.5-37.0-33.0-32.5
134,MS,1.5_21,2.0469367357102177,0.0,28.0-27.5-23.0-22.5
135,MRVL,1.5_21,0.6150287449728322,0.0,13.0-12.5-10.5-10.0
136,MRK,1.5_21,1.6425918108717268,0.0,48.5-48.0-44.0-43.5
137,MMM,1.5_21,3.914012738135343,0.0,125.0-120.0-105.0-100.0
138,MGM,1.5_21,1.6724671681594914,0.0,18.0-17.5-13.5-13.0
139,MET,1.5_21,3.253670729235783,0.0,47.5-47.0-40.0-39.5
140,MCO,1.5_21,7.1375587813441435,0.0,80.0-77.5-60.0-57.5
141,M,1.5_21,2.4125371203657897,0.0,52.0-51.5-46.0-45.5
142,LOW,1.5_21,3.1723940374063613,0.0,46.5-46.0-39.5-39.0
143,LLY,1.5_21,1.7505235951402804,0.0,62.5-60.0-52.5-50.0
144,JNJ,1.5_21,1.599118730515566,0.0,92.5-90.0-85.0-82.5
145,INTC,1.5_21,0.7395261513776428,0.0,25.5-25.0-23.0-22.5
146,IBM,1.5_21,8.776985184479425,0.0,225.0-220.0-195.0-190.0
147,HON,1.5_21,3.517259586666869,0.0,87.5-85.0-75.0-72.5
148,HLF,1.5_21,4.742167790909853,0.0,50.0-49.5-39.5-39.0
149,HAL,1.5_21,2.9272515144024496,0.0,49.0-48.5-42.0-41.5
150,GPS,1.5_21,2.316307945848308,0.0,44.0-43.5-38.5-38.0
151,GME,1.5_21,3.2686320861005016,0.0,44.0-43.5-36.0-35.5
152,GMCR,1.5_21,15.496040830759686,0.0,100.0-97.5-62.5-60.0
153,GM,1.5_21,1.5938131500093915,0.0,36.0-35.5-31.5-31.0
154,GE,1.5_21,0.8742813375240587,0.0,25.0-24.5-22.5-22.0
155,FDX,1.5_21,5.162449169587187,0.0,115.0-110.0-90.0-85.0
156,F,1.5_21,0.8300230203348062,0.0,16.5-16.0-14.0-13.5
157,EMC,1.5_21,0.978587356491853,0.0,26.0-25.5-23.0-22.5
158,DOW,1.5_21,2.1013549200456363,0.0,38.5-38.0-33.5-33.0
159,DIS,1.5_21,3.307589810895972,0.0,72.5-70.0-62.5-60.0
160,DE,1.5_21,4.744693765520745,0.0,95.0-92.5-80.0-77.5
161,CVX,1.5_21,3.9290132348975355,0.0,135.0-130.0-115.0-110.0
162,CSCO,1.5_21,1.533896299344534,0.0,26.5-26.0-22.5-22.0
163,COST,1.5_21,3.1248471962641617,0.0,125.0-120.0-105.0-100.0
164,COP,1.5_21,3.0592154106194345,0.0,70.0-67.5-60.0-57.5
165,CLF,1.5_21,2.7217132865689058,0.0,24.0-23.5-17.5-17.0
166,CL,1.5_21,26.363183256742186,0.0,95.0-90.0-35.0-30.0
167,CELG,1.5_21,6.255864277391479,0.0,140.0-135.0-115.0-110.0
168,BMY,1.5_21,2.0152011597569404,0.0,46.0-45.5-41.0-40.5
169,BK,1.5_21,1.435700426372339,0.0,32.5-32.0-29.0-28.5
170,BAC,1.5_21,0.8208486462192647,0.0,15.0-14.5-12.5-12.0
171,BA,1.5_21,4.582293717592285,0.0,107.5-105.0-92.5-90.0
172,AXP,1.5_21,2.8586839504519275,0.0,80.0-77.5-70.0-67.5
173,APOL,1.5_21,2.073655157996554,0.0,24.0-23.5-19.0-18.5
174,APA,1.5_21,7.320773744235355,0.0,92.5-90.0-72.5-70.0
175,AMRN,1.5_21,0.5046919145096627,0.0,8.5-8.0-6.5-6.0
176,AIG,1.5_21,3.373100417801318,0.0,49.5-49.0-41.5-41.0
177,ACN,1.5_21,2.941142270809568,0.0,90.0-87.5-77.5-75.0
178,ABX,1.5_21,1.5144174976349345,0.0,21.0-20.5-17.0-16.5
179,AA,1.5_21,0.3186069006516605,0.0,9.5-9.0-8.0-7.5
180,XLF,1.5_21,0.81084149411055,0.0,21.5-21.0-19.0-18.5
181,XLE,1.5_21,3.222754700119583,0.0,90.0-87.5-77.5-75.0
182,XLB,1.5_21,1.4954677958991387,0.0,43.5-43.0-39.5-39.0
183,USO,1.5_21,1.3100644749673311,0.0,36.5-36.0-32.5-32.0
184,TLT,1.5_21,3.6185043773044434,0.0,130.0-125.0-110.0-105.0
185,SSO,1.5_21,4.784005158561481,0.0,92.5-90.0-77.5-75.0
186,SPY,1.5_21,2.556226851100214,0.0,175.0-170.0-160.0-155.0
187,QQQ,1.5_21,2.7743497307606013,0.0,80.0-77.5-70.0-67.5
188,IWM,1.5_21,3.7685340556470273,0.0,107.5-105.0-95.0-92.5
189,GDX,1.5_21,1.6385086860574514,0.0,29.0-28.5-24.5-24.0
190,GLD,1.5_21,5.518277390376721,0.0,145.0-140.0-125.0-120.0
191,EWJ,1.5_21,0.33315215314155955,0.0,13.0-12.5-11.5-11.0
192,DIA,1.5_21,3.784690966814293,0.0,165.0-160.0-145.0-140.0
1,KO,1.25_21,0.41055638786779136,378.0000000000001,44.0-43.5-42.5-42.0
2,CRM,1.25_21,2.373010915181687,313.19999999999993,50.0-49.5-44.0-43.5
3,VXX,1.25_21,0.7935275747601728,309.5000000000001,19.5-19.0-17.0-16.5
4,SDS,1.25_21,2.1999656720806646,293.80000000000007,41.5-41.0-36.0-35.5
5,MDLZ,1.25_21,0.44284490190455805,288.2,32.5-32.0-31.0-30.5
6,TBT,1.25_21,2.8628572505287018,276.22,72.5-70.0-60.0-57.5
7,NKE,1.25_21,1.8525051410506377,253.68,70.0-67.5-62.5-60.0
8,CMG,1.25_21,6.18719479766766,251.04000000000002,390.0-385.0-365.0-360.0
9,FMCN,1.25_21,0.21928421164367998,208.0,28.5-28.0-27.0-26.5
10,TZA,1.25_21,3.7731796501914734,175.10000000000005,35.5-35.0-27.0-26.5
11,FAS,1.25_21,6.005678922109987,174.56,80.0-77.5-62.5-60.0
12,ISRG,1.25_21,11.578909719728323,170.03,505.0-500.0-470.0-465.0
13,FAZ,1.25_21,3.817696205236371,160.60000000000002,36.5-36.0-27.5-27.0
14,ARNA,1.25_21,0.2696531060808454,154.30000000000004,9.0-8.5-7.5-7.0
15,GILD,1.25_21,2.4267924156325,153.28,62.5-60.0-52.5-50.0
16,FB,1.25_21,1.0192010760067576,151.9,28.0-27.5-25.0-24.5
17,WAG,1.25_21,0.7593058586003143,138.89999999999998,51.0-50.5-48.5-48.0
18,UA,1.25_21,2.6973901628196453,122.56,70.0-67.5-57.5-55.0
19,NAV,1.25_21,2.5709148999177405,119.00000000000003,41.5-41.0-35.5-35.0
20,FSLR,1.25_21,4.47152274119231,117.90000000000006,55.0-54.5-45.5-45.0
21,BBRY,1.25_21,0.7903533906695519,116.30000000000001,16.0-15.5-13.5-13.0
22,UNXL,1.25_21,2.717522643047559,115.60000000000001,30.5-30.0-24.0-23.5
23,TNA,1.25_21,4.309516134727446,102.42,57.5-55.0-45.0-42.5
24,MPEL,1.25_21,0.7595057329166999,96.5,25.5-25.0-23.0-22.5
25,NFLX,1.25_21,23.239805432654098,91.3,270.0-265.0-215.0-210.0
26,VHC,1.25_21,1.672212721786544,91.00000000000001,25.0-24.5-20.5-20.0
27,BBY,1.25_21,1.4703470294133836,85.9,29.0-28.5-25.0-24.5
28,VLO,1.25_21,1.6851526884331092,75.80000000000001,43.5-43.0-39.5-39.0
29,HES,1.25_21,2.138554634003781,74.62,75.0-72.5-67.5-65.0
30,WLT,1.25_21,1.0031716815276672,73.80000000000001,19.5-19.0-16.5-16.0
31,VMW,1.25_21,3.5962798031603507,68.76,87.5-85.0-75.0-72.5
32,FFIV,1.25_21,4.205278623774103,66.45999999999998,90.0-87.5-77.5-75.0
33,IP,1.25_21,1.3628131466268758,64.4,50.5-50.0-46.5-46.0
34,S,1.25_21,0.11969393010826382,63.0,8.0-7.5-7.0-6.5
35,AAPL,1.25_21,15.042644540169942,62.019999999999996,455.0-450.0-415.0-410.0
36,DELL,1.25_21,0.12136071283182047,59.7,14.5-14.0-13.0-12.5
37,LNKD,1.25_21,9.24800428921469,56.769999999999996,200.0-195.0-170.0-165.0
38,NTAP,1.25_21,1.5599636557121643,54.60000000000001,40.0-39.5-36.0-35.5
39,QCOR,1.25_21,4.896666823681479,48.3,43.0-42.5-32.0-31.0
40,YUM,1.25_21,2.164630969043649,48.02000000000001,75.0-72.5-67.5-65.0
41,XME,1.25_21,1.246849004681878,47.199999999999996,39.5-39.0-36.0-35.5
42,EEM,1.25_21,0.8889127755967094,47.0,45.0-44.5-42.5-42.0
43,AGQ,1.25_21,1.5984341761474536,44.8,24.5-24.0-20.5-20.0
44,TXN,1.25_21,0.9436788446843349,43.4,38.5-38.0-35.5-35.0
45,COH,1.25_21,2.9968641845229134,42.26,65.0-62.5-55.0-52.5
46,TGT,1.25_21,0.7466547418796925,41.6,75.0-72.5-70.0-67.5
47,UTX,1.25_21,2.240360966876713,39.559999999999995,102.5-100.0-95.0-92.5
48,CHK,1.25_21,0.7842051253157099,39.49999999999999,22.0-21.5-19.0-18.5
49,BIDU,1.25_21,4.875122556457036,37.3,102.5-100.0-87.5-85.0
50,SLW,1.25_21,1.073828611513384,34.20000000000001,23.5-23.0-20.5-20.0
51,PCLN,1.25_21,52.455872398685194,34.13,875.0-870.0-760.0-755.0
52,NDX,1.25_21,92.18047718205797,33.03999999999999,3130.0-3125.0-2935.0-2930.0
53,GM,1.25_21,1.328177625007826,31.80000000000001,35.5-35.0-32.0-31.5
54,VOD,1.25_21,0.42875008676939275,31.5,31.5-31.0-29.5-29.0
55,PM,1.25_21,1.443073821248044,31.36,100.0-97.5-92.5-90.0
56,IOC,1.25_21,5.9220798510240265,31.320000000000004,100.0-97.5-82.5-80.0
57,OEX,1.25_21,16.669962828821348,30.79,770.0-765.0-730.0-725.0
58,XEO,1.25_21,16.669962828821348,30.779999999999998,770.0-765.0-730.0-725.0
59,WMB,1.25_21,0.8852536964864121,30.7,39.0-38.5-36.0-35.5
60,DECK,1.25_21,2.7596326155158852,28.360000000000003,60.0-57.5-47.5-45.0
61,ORCL,1.25_21,0.9691437371893468,27.799999999999997,37.0-36.5-34.0-33.5
62,USO,1.25_21,1.0917203958061092,27.6,36.0-35.5-33.0-32.5
63,PSX,1.25_21,2.412861433571983,27.280000000000005,72.5-70.0-62.5-60.0
64,ANF,1.25_21,3.541759592618443,26.840000000000003,62.5-60.0-50.0-47.5
65,HPQ,1.25_21,0.8291898477257358,26.000000000000007,23.0-22.5-20.0-19.5
66,TIF,1.25_21,2.6830824712667796,25.82,85.0-82.5-75.0-72.5
67,JOY,1.25_21,2.5420591519755904,25.56,62.5-60.0-52.5-50.0
68,CF,1.25_21,6.122722669442475,25.46,205.0-200.0-180.0-175.0
69,AMZN,1.25_21,5.7478043168052935,24.81,285.0-280.0-260.0-255.0
70,NEM,1.25_21,1.1556673242268785,22.699999999999996,32.5-32.0-29.0-28.5
71,JCP,1.25_21,1.4968158167542573,22.200000000000006,20.5-20.0-16.5-16.0
72,RUT,1.25_21,31.286212244963508,21.88,1035.0-1030.0-960.0-955.0
73,KORS,1.25_21,3.3263850946063123,20.939999999999998,67.5-65.0-55.0-52.5
74,MA,1.25_21,20.908242422319375,20.1,615.0-610.0-560.0-555.0
75,FXI,1.25_21,0.944446093019103,19.900000000000002,39.5-39.0-36.5-36.0
76,VZ,1.25_21,0.7188594637141742,19.64,57.5-55.0-52.5-50.0
77,WYNN,1.25_21,5.2171320916672945,19.13,155.0-150.0-135.0-130.0
78,X,1.25_21,1.1152137180400725,18.5,20.0-19.5-17.0-16.5
79,GS,1.25_21,6.504591613127717,18.11,170.0-165.0-150.0-145.0
80,APC,1.25_21,3.338369001366644,17.52,97.5-95.0-85.0-82.5
81,GDX,1.25_21,1.365423905047876,17.0,28.5-28.0-25.0-24.5
82,GPS,1.25_21,1.9302566215402563,16.3,43.5-43.0-39.0-38.5
83,FCX,1.25_21,1.7644381019112543,16.099999999999998,35.0-34.5-30.5-30.0
84,DDD,1.25_21,6.638107204761367,15.599999999999998,55.0-54.0-40.0-39.0
85,CREE,1.25_21,3.015967674214159,15.28,67.5-65.0-55.0-52.5
86,MCD,1.25_21,1.236912137908253,15.159999999999998,110.0-105.0-100.0-95.0
87,LULU,1.25_21,3.9487614845549674,14.940000000000001,90.0-87.5-75.0-72.5
88,GRPN,1.25_21,0.5670162612096681,14.7,8.5-8.0-6.0-5.5
89,ACN,1.25_21,2.4509518923413065,13.54,87.5-85.0-77.5-75.0
90,MRVL,1.25_21,0.5125239541440268,13.0,12.5-12.0-10.5-10.0
91,M,1.25_21,2.0104476003048246,12.799999999999997,51.5-51.0-46.5-46.0
92,TSO,1.25_21,3.4621929122890838,11.96,70.0-67.5-57.5-55.0
93,GOOG,1.25_21,25.87617091035964,11.859999999999998,945.0-940.0-880.0-875.0
94,BP,1.25_21,1.100664707174282,11.499999999999996,45.0-44.5-41.5-41.0
95,UNG,1.25_21,1.1332537830974851,11.3,24.0-23.5-20.5-20.0
96,AET,1.25_21,1.927088577856442,10.98,65.0-62.5-57.5-55.0
97,SLB,1.25_21,2.6399366706419296,10.58,82.5-80.0-72.5-70.0
98,JPM,1.25_21,1.6010392365288117,10.459999999999999,57.5-55.0-50.0-47.5
99,WFC,1.25_21,1.015604074876013,10.100000000000001,41.5-41.0-38.5-38.0
100,COST,1.25_21,2.604039330220135,9.87,125.0-120.0-110.0-105.0
101,HLF,1.25_21,3.9518064924248772,9.7,49.0-48.5-40.0-39.5
102,MON,1.25_21,2.2278514700533885,9.04,120.0-115.0-105.0-100.0
103,UNH,1.25_21,1.81694487821623,8.84,67.5-65.0-60.0-57.5
104,LVS,1.25_21,2.174317079430864,8.06,65.0-62.5-55.0-52.5
105,LLY,1.25_21,1.4587696626169002,7.580000000000001,60.0-57.5-52.5-50.0
106,CVX,1.25_21,3.2741776957479463,7.28,135.0-130.0-120.0-115.0
107,SLV,1.25_21,0.7255544882889158,5.6,23.0-22.5-20.5-20.0
108,ANR,1.25_21,0.2719322941819297,5.1,8.0-7.5-6.0-5.5
109,BAX,1.25_21,1.3125768118113166,5.08,77.5-75.0-70.0-67.5
110,BA,1.25_21,3.8185780979935706,4.960000000000001,107.5-105.0-95.0-92.5
111,GG,1.25_21,1.3444802832852762,4.799999999999999,28.0-27.5-24.0-23.5
112,EWZ,1.25_21,0.8263773675333983,4.760000000000001,60.0-57.5-52.5-50.0
113,SBUX,1.25_21,2.1992632694999075,4.74,70.0-67.5-60.0-57.5
114,OXY,1.25_21,4.494350454949499,4.02,100.0-97.5-87.5-85.0
115,T,1.25_21,0.6587466680136205,4.0,39.0-38.5-36.5-36.0
116,IBM,1.25_21,7.314154320399522,3.72,225.0-220.0-200.0-195.0
117,GME,1.25_21,2.723860071750418,3.199999999999998,43.0-42.5-37.0-36.5
118,XLE,1.25_21,2.6856289167663188,2.82,87.5-85.0-77.5-75.0
119,WMT,1.25_21,0.6428406082529692,2.78,82.5-80.0-75.0-72.5
120,EBAY,1.25_21,2.028374796598545,2.78,62.5-60.0-52.5-50.0
121,CLF,1.25_21,2.268094405474088,2.500000000000002,23.5-23.0-18.0-17.5
122,HON,1.25_21,2.931049655555724,2.0200000000000005,87.5-85.0-77.5-75.0
123,HD,1.25_21,1.996964400152439,1.86,82.5-80.0-72.5-70.0
124,XLB,1.25_21,1.2462231632492822,1.7999999999999994,43.5-43.0-40.0-39.5
125,EFA,1.25_21,1.5004493374605188,1.6400000000000001,67.5-65.0-60.0-57.5
126,SSO,1.25_21,3.9866709654679005,1.6399999999999997,90.0-87.5-77.5-75.0
127,C,1.25_21,2.348027445943673,1.4399999999999995,57.5-55.0-47.5-45.0
128,CAT,1.25_21,3.2954616836390827,0.9800000000000003,95.0-92.5-82.5-80.0
129,MOS,1.25_21,2.11460904863557,0.8799999999999999,67.5-65.0-57.5-55.0
130,MCP,1.25_21,0.8095390185896216,0.7000000000000027,8.0-7.5-5.5-5.0
131,PBR,1.25_21,0.9941776183885662,0.6999999999999993,20.5-20.0-17.5-17.0
132,COF,1.25_21,1.7986304313480928,0.6799999999999997,67.5-65.0-57.5-55.0
133,FDX,1.25_21,4.302040974655989,0.6,110.0-105.0-95.0-90.0
134,IWM,1.25_21,3.1404450463725224,0.42000000000000026,105.0-102.5-95.0-92.5
135,FXE,1.25_21,1.1861273394860243,0.4,135.0-130.0-125.0-120.0
136,PG,1.25_21,2.1312645754284483,0.3800000000000001,85.0-82.5-77.5-75.0
137,QCOM,1.25_21,1.9074946171053042,0.28,72.5-70.0-62.5-60.0
138,V,1.25_21,8.678893775857555,0.19000000000000006,200.0-195.0-175.0-170.0
139,MMM,1.25_21,3.261677281779453,0.020000000000000052,120.0-115.0-105.0-100.0
140,YHOO,1.25_21,1.366968426325725,0.0,28.5-28.0-25.0-24.5
141,XOM,1.25_21,1.7852097799231712,0.0,97.5-95.0-87.5-85.0
142,WFM,1.25_21,8.285144479586284,0.0,120.0-115.0-95.0-90.0
143,VALE,1.25_21,0.6767586217720888,0.0,17.0-16.5-14.5-14.0
144,UPS,1.25_21,2.5131668150913096,0.0,95.0-92.5-85.0-82.5
145,UNP,1.25_21,5.630306491699736,0.0,175.0-170.0-150.0-145.0
146,TSLA,1.25_21,19.495592813169466,0.0,115.0-112.5-70.0-67.5
147,SU,1.25_21,1.887452695717546,0.0,34.5-34.0-30.0-29.5
148,STX,1.25_21,3.30647126588798,0.0,45.5-45.0-38.0-37.5
149,SNDK,1.25_21,3.201847959716834,0.0,67.5-65.0-55.0-52.5
150,SINA,1.25_21,5.768718948221644,0.0,70.0-67.5-52.5-50.0
151,POT,1.25_21,2.1610239595088787,0.0,46.5-46.0-41.0-40.5
152,PFE,1.25_21,1.045241484971182,0.0,31.0-30.5-27.5-27.0
153,NVDA,1.25_21,0.797452696761023,0.0,16.5-16.0-14.0-13.5
154,MU,1.25_21,0.877105884225421,0.0,13.0-12.5-10.0-9.5
155,MSFT,1.25_21,1.532918066179353,0.0,37.0-36.5-33.0-32.5
156,MS,1.25_21,1.7057806130918483,0.0,27.5-27.0-23.0-22.5
157,MRK,1.25_21,1.3688265090597724,0.0,48.0-47.5-44.5-44.0
158,MGM,1.25_21,1.3937226401329095,0.0,17.5-17.0-13.5-13.0
159,MET,1.25_21,2.7113922743631527,0.0,46.5-46.0-40.5-40.0
160,MCO,1.25_21,5.9479656511201195,0.0,77.5-75.0-60.0-57.5
161,LOW,1.25_21,2.6436616978386347,0.0,46.0-45.5-40.0-39.5
162,JNJ,1.25_21,1.332598942096305,0.0,92.5-90.0-85.0-82.5
163,INTC,1.25_21,0.6162717928147023,0.0,25.5-25.0-23.0-22.5
164,HAL,1.25_21,2.439376262002041,0.0,48.5-48.0-42.5-42.0
165,GMCR,1.25_21,12.913367358966406,0.0,97.5-95.0-65.0-62.5
166,GE,1.25_21,0.7285677812700488,0.0,25.0-24.5-22.5-22.0
167,F,1.25_21,0.6916858502790052,0.0,16.5-16.0-14.0-13.5
168,EMC,1.25_21,0.8154894637432109,0.0,26.0-25.5-23.0-22.5
169,DOW,1.25_21,1.7511291000380302,0.0,38.5-38.0-34.0-33.5
170,DIS,1.25_21,2.7563248424133096,0.0,72.5-70.0-62.5-60.0
171,DE,1.25_21,3.953911471267288,0.0,95.0-92.5-82.5-80.0
172,CSCO,1.25_21,1.2782469161204448,0.0,26.5-26.0-22.5-22.0
173,COP,1.25_21,2.5493461755161957,0.0,70.0-67.5-60.0-57.5
174,CL,1.25_21,21.969319380618487,0.0,87.5-85.0-40.0-37.5
175,CELG,1.25_21,5.213220231159567,0.0,140.0-135.0-115.0-110.0
176,BMY,1.25_21,1.6793342997974503,0.0,45.5-45.0-41.5-41.0
177,BK,1.25_21,1.196417021976949,0.0,32.5-32.0-29.0-28.5
178,BAC,1.25_21,0.684040538516054,0.0,15.0-14.5-12.5-12.0
179,AXP,1.25_21,2.3822366253766063,0.0,80.0-77.5-70.0-67.5
180,APOL,1.25_21,1.7280459649971283,0.0,24.0-23.5-19.5-19.0
181,APA,1.25_21,6.100644786862795,0.0,90.0-87.5-75.0-72.5
182,AMRN,1.25_21,0.4205765954247188,0.0,8.5-8.0-6.5-6.0
183,AIG,1.25_21,2.8109170148344313,0.0,49.0-48.5-42.0-41.5
184,ABX,1.25_21,1.2620145813624453,0.0,20.5-20.0-17.0-16.5
185,AA,1.25_21,0.26550575054305037,0.0,9.5-9.0-8.0-7.5
186,XLF,1.25_21,0.675701245092125,0.0,21.5-21.0-19.0-18.5
187,TLT,1.25_21,3.0154203144203695,0.0,130.0-125.0-110.0-105.0
188,SPY,1.25_21,2.1301890425835115,0.0,175.0-170.0-160.0-155.0
189,QQQ,1.25_21,2.311958108967168,0.0,80.0-77.5-70.0-67.5
190,GLD,1.25_21,4.5985644919806,0.0,145.0-140.0-125.0-120.0
191,EWJ,1.25_21,0.27762679428463294,0.0,13.0-12.5-11.5-11.0
192,DIA,1.25_21,3.1539091390119105,0.0,165.0-160.0-145.0-140.0
1,KO,2.0_21,0.6568902205884661,324.79999999999995,44.5-44.0-42.0-41.5
2,TBT,2.0_21,4.580571600845923,276.22,72.5-70.0-60.0-57.5
3,VXX,2.0_21,1.2696441196162764,253.60000000000008,20.0-19.5-16.5-16.0
4,CRM,2.0_21,3.7968174642906996,245.29999999999987,51.5-51.0-42.5-42.0
5,SDS,2.0_21,3.5199450753290638,223.5,42.5-42.0-34.5-34.0
6,CMG,2.0_21,9.899511676268256,214.67999999999998,395.0-390.0-365.0-360.0
7,FMCN,2.0_21,0.350854738629888,208.0,28.5-28.0-27.0-26.5
8,MDLZ,2.0_21,0.7085518430472929,188.8,33.0-32.5-30.5-30.0
9,ARNA,2.0_21,0.4314449697293527,154.30000000000004,9.0-8.5-7.5-7.0
10,NKE,2.0_21,2.9640082256810203,135.4,72.5-70.0-60.0-57.5
11,UA,2.0_21,4.315824260511432,122.56,70.0-67.5-57.5-55.0
12,FAS,2.0_21,9.60908627537598,113.32,82.5-80.0-60.0-57.5
13,ISRG,2.0_21,18.526255551565317,109.49999999999997,510.0-505.0-465.0-460.0
14,FB,2.0_21,1.630721721610812,82.69999999999997,28.5-28.0-24.5-24.0
15,FAZ,2.0_21,6.108313928378194,73.55000000000001,39.0-38.0-25.0-24.0
16,TZA,2.0_21,6.037087440306357,71.75,38.0-37.0-24.0-23.0
17,GILD,2.0_21,3.882867865012,60.519999999999996,65.0-62.5-50.0-47.5
18,DELL,2.0_21,0.19417714053091276,59.7,14.5-14.0-13.0-12.5
19,WAG,2.0_21,1.2148893737605029,59.000000000000014,51.5-51.0-48.0-47.5
20,BBRY,2.0_21,1.264565425071283,39.20000000000001,16.5-16.0-13.0-12.5
21,TNA,2.0_21,6.895225815563914,36.26,60.0-57.5-42.5-40.0
22,VOD,2.0_21,0.6860001388310284,31.5,31.5-31.0-29.5-29.0
23,VMW,2.0_21,5.754047685056561,29.259999999999998,87.5-85.0-72.5-70.0
24,DECK,2.0_21,4.415412184825416,28.360000000000003,60.0-57.5-47.5-45.0
25,NAV,2.0_21,4.113463839868385,26.60000000000001,43.0-42.5-34.0-33.5
26,AMZN,2.0_21,9.19648690688847,24.81,285.0-280.0-260.0-255.0
27,MPEL,2.0_21,1.2152091726667198,22.199999999999996,26.0-25.5-22.5-22.0
28,UNXL,2.0_21,4.3480362288760945,20.200000000000003,32.5-32.0-22.5-22.0
29,BBY,2.0_21,2.3525552470614137,18.299999999999997,30.0-29.5-24.5-24.0
30,CHK,2.0_21,1.2547282005051357,18.1,22.5-22.0-19.0-18.5
31,IP,2.0_21,2.1805010346030014,17.800000000000004,51.0-50.5-46.0-45.5
32,NFLX,2.0_21,37.183688692246555,17.15,285.0-280.0-200.0-195.0
33,S,2.0_21,0.1915102881732221,16.5,8.5-8.0-7.0-6.5
34,FSLR,2.0_21,7.1544363859076965,16.15,59.0-58.0-42.0-41.0
35,LNKD,2.0_21,14.796806862743503,15.42,205.0-200.0-165.0-160.0
36,GRPN,2.0_21,0.9072260179354689,14.7,8.5-8.0-6.0-5.5
37,FFIV,2.0_21,6.728445798038565,13.780000000000003,92.5-90.0-75.0-72.5
38,TGT,2.0_21,1.194647587007508,12.24,75.0-72.5-67.5-65.0
39,VHC,2.0_21,2.6755403548584704,11.499999999999996,26.0-25.5-19.5-19.0
40,CF,2.0_21,9.79635627110796,10.78,210.0-205.0-180.0-175.0
41,LVS,2.0_21,3.478907327089382,8.06,65.0-62.5-55.0-52.5
42,AAPL,2.0_21,24.06823126427191,8.04,465.0-460.0-405.0-400.0
43,LULU,2.0_21,6.318018375287948,7.120000000000001,90.0-87.5-72.5-70.0
44,ANF,2.0_21,5.666815348189509,6.94,62.5-60.0-47.5-45.0
45,JOY,2.0_21,4.0672946431609445,5.34,65.0-62.5-52.5-50.0
46,ANR,2.0_21,0.4350916706910875,5.1,8.0-7.5-6.0-5.5
47,EWZ,2.0_21,1.3222037880534372,4.760000000000001,60.0-57.5-52.5-50.0
48,PM,2.0_21,2.3089181139968704,4.139999999999999,102.5-100.0-92.5-90.0
49,IOC,2.0_21,9.475327761638443,4.079999999999999,102.5-100.0-80.0-77.5
50,PSX,2.0_21,3.860578293715173,3.6800000000000006,72.5-70.0-60.0-57.5
51,CREE,2.0_21,4.825548278742654,3.6599999999999993,70.0-67.5-55.0-52.5
52,TIF,2.0_21,4.292931954026847,3.3000000000000003,85.0-82.5-72.5-70.0
53,KORS,2.0_21,5.3222161513701,3.2399999999999998,70.0-67.5-55.0-52.5
54,JPM,2.0_21,2.561662778446099,2.9000000000000004,57.5-55.0-47.5-45.0
55,WMT,2.0_21,1.0285449732047507,2.78,82.5-80.0-75.0-72.5
56,EBAY,2.0_21,3.245399674557672,2.78,62.5-60.0-52.5-50.0
57,QCOR,2.0_21,7.834666917890367,2.6999999999999975,47.0-46.0-29.0-28.0
58,WYNN,2.0_21,8.347411346667672,2.29,155.0-150.0-130.0-125.0
59,COH,2.0_21,4.794982695236661,2.08,67.5-65.0-52.5-50.0
60,HES,2.0_21,3.4216874144060494,1.9,77.5-75.0-65.0-62.5
61,SLB,2.0_21,4.2238986730270875,0.8399999999999997,82.5-80.0-70.0-67.5
62,COF,2.0_21,2.8778086901569484,0.6799999999999997,67.5-65.0-57.5-55.0
63,FXE,2.0_21,1.897803743177639,0.4,135.0-130.0-125.0-120.0
64,QCOM,2.0_21,3.0519913873684867,0.28,72.5-70.0-62.5-60.0
65,PCLN,2.0_21,83.92939583789631,0.009999999999999593,905.0-900.0-725.0-720.0
66,YUM,2.0_21,3.4634095504698386,0.0,77.5-75.0-65.0-62.5
67,YHOO,2.0_21,2.1871494821211597,0.0,29.5-29.0-24.0-23.5
68,XOM,2.0_21,2.856335647877074,0.0,97.5-95.0-87.5-85.0
69,X,2.0_21,1.784341948864116,0.0,21.0-20.5-16.5-16.0
70,WMB,2.0_21,1.4164059143782592,0.0,39.5-39.0-35.5-35.0
71,WLT,2.0_21,1.6050746904442674,0.0,20.5-20.0-16.0-15.5
72,WFM,2.0_21,13.256231167338056,0.0,125.0-120.0-90.0-85.0
73,WFC,2.0_21,1.6249665198016208,0.0,42.5-42.0-38.0-37.5
74,VZ,2.0_21,1.1501751419426787,0.0,57.5-55.0-50.0-47.5
75,VLO,2.0_21,2.6962443014929747,0.0,44.5-44.0-38.5-38.0
76,VALE,2.0_21,1.082813794835342,0.0,17.5-17.0-14.5-14.0
77,V,2.0_21,13.886230041372087,0.0,205.0-200.0-170.0-165.0
78,UTX,2.0_21,3.5845775470027403,0.0,105.0-102.5-92.5-90.0
79,UPS,2.0_21,4.021066904146095,0.0,97.5-95.0-82.5-80.0
80,UNP,2.0_21,9.008490386719577,0.0,175.0-170.0-150.0-145.0
81,UNH,2.0_21,2.907111805145968,0.0,70.0-67.5-57.5-55.0
82,TXN,2.0_21,1.509886151494936,0.0,39.0-38.5-35.0-34.5
83,TSO,2.0_21,5.539508659662534,0.0,72.5-70.0-55.0-52.5
84,TSLA,2.0_21,31.192948501071143,0.0,130.0-125.0-60.0-55.0
85,T,2.0_21,1.0539946688217927,0.0,39.0-38.5-36.0-35.5
86,SU,2.0_21,3.0199243131480733,0.0,36.0-35.5-28.5-28.0
87,STX,2.0_21,5.2903540254207675,0.0,48.0-47.0-36.0-35.0
88,SNDK,2.0_21,5.122956735546934,0.0,70.0-67.5-52.5-50.0
89,SLW,2.0_21,1.7181257784214143,0.0,24.0-23.5-20.0-19.5
90,SINA,2.0_21,9.22995031715463,0.0,72.5-70.0-50.0-47.5
91,SBUX,2.0_21,3.518821231199852,0.0,72.5-70.0-60.0-57.5
92,POT,2.0_21,3.457638335214206,0.0,48.0-47.5-40.0-39.5
93,PG,2.0_21,3.4100233206855175,0.0,87.5-85.0-75.0-72.5
94,PFE,2.0_21,1.672386375953891,0.0,31.5-31.0-27.0-26.5
95,PBR,2.0_21,1.5906841894217059,0.0,21.0-20.5-17.0-16.5
96,OXY,2.0_21,7.190960727919199,0.0,105.0-102.5-85.0-82.5
97,ORCL,2.0_21,1.5506299795029548,0.0,37.5-37.0-33.0-32.5
98,NVDA,2.0_21,1.275924314817637,0.0,17.0-16.5-13.5-13.0
99,NTAP,2.0_21,2.495941849139463,0.0,41.0-40.5-35.0-34.5
100,NEM,2.0_21,1.8490677187630056,0.0,33.0-32.5-28.5-28.0
101,MU,2.0_21,1.4033694147606737,0.0,13.5-13.0-9.5-9.0
102,MSFT,2.0_21,2.4526689058869646,0.0,38.0-37.5-32.0-31.5
103,MS,2.0_21,2.729248980946957,0.0,28.5-28.0-22.0-21.5
104,MRVL,2.0_21,0.820038326630443,0.0,13.0-12.5-10.5-10.0
105,MRK,2.0_21,2.1901224144956357,0.0,49.0-48.5-43.5-43.0
106,MOS,2.0_21,3.383374477816912,0.0,67.5-65.0-55.0-52.5
107,MON,2.0_21,3.5645623520854213,0.0,120.0-115.0-100.0-95.0
108,MMM,2.0_21,5.218683650847124,0.0,125.0-120.0-105.0-100.0
109,MGM,2.0_21,2.229956224212655,0.0,18.5-18.0-13.0-12.5
110,MET,2.0_21,4.338227638981044,0.0,48.5-48.0-38.5-38.0
111,MCP,2.0_21,1.2952624297433946,0.0,8.5-8.0-5.0-4.5
112,MCO,2.0_21,9.516745041792191,0.0,80.0-77.5-57.5-55.0
113,MCD,2.0_21,1.979059420653205,0.0,110.0-105.0-95.0-90.0
114,MA,2.0_21,33.453187875711,0.0,625.0-620.0-550.0-545.0
115,M,2.0_21,3.2167161604877195,0.0,52.5-52.0-45.0-44.5
116,LOW,2.0_21,4.229858716541815,0.0,47.5-47.0-38.0-37.5
117,LLY,2.0_21,2.3340314601870404,0.0,62.5-60.0-52.5-50.0
118,JNJ,2.0_21,2.132158307354088,0.0,95.0-92.5-85.0-82.5
119,JCP,2.0_21,2.3949053068068116,0.0,21.0-20.5-15.5-15.0
120,INTC,2.0_21,0.9860348685035237,0.0,26.0-25.5-23.0-22.5
121,IBM,2.0_21,11.702646912639235,0.0,230.0-225.0-195.0-190.0
122,HPQ,2.0_21,1.3267037563611772,0.0,23.5-23.0-19.5-19.0
123,HON,2.0_21,4.689679448889159,0.0,90.0-87.5-75.0-72.5
124,HLF,2.0_21,6.322890387879804,0.0,52.0-51.0-38.0-37.0
125,HD,2.0_21,3.1951430402439023,0.0,85.0-82.5-72.5-70.0
126,HAL,2.0_21,3.903002019203266,0.0,50.0-49.5-41.0-40.5
127,GS,2.0_21,10.407346581004347,0.0,175.0-170.0-145.0-140.0
128,GPS,2.0_21,3.0884105944644102,0.0,45.0-44.5-37.5-37.0
129,GOOG,2.0_21,41.40187345657542,0.0,960.0-955.0-865.0-860.0
130,GME,2.0_21,4.358176114800669,0.0,45.0-44.5-35.0-34.5
131,GMCR,2.0_21,20.66138777434625,0.0,105.0-102.5-57.5-55.0
132,GM,2.0_21,2.125084200012522,0.0,36.5-36.0-31.0-30.5
133,GG,2.0_21,2.151168453256442,0.0,28.5-28.0-23.5-23.0
134,GE,2.0_21,1.1657084500320782,0.0,25.5-25.0-22.0-21.5
135,FDX,2.0_21,6.883265559449582,0.0,115.0-110.0-90.0-85.0
136,FCX,2.0_21,2.823100963058007,0.0,36.5-36.0-29.5-29.0
137,F,2.0_21,1.1066973604464083,0.0,17.0-16.5-13.5-13.0
138,EMC,2.0_21,1.3047831419891374,0.0,26.5-26.0-22.5-22.0
139,DOW,2.0_21,2.8018065600608484,0.0,39.5-39.0-33.0-32.5
140,DIS,2.0_21,4.4101197478612955,0.0,75.0-72.5-60.0-57.5
141,DE,2.0_21,6.326258354027661,0.0,97.5-95.0-80.0-77.5
142,DDD,2.0_21,10.620971527618186,0.0,59.0-58.0-36.0-35.0
143,CVX,2.0_21,5.238684313196714,0.0,135.0-130.0-115.0-110.0
144,CSCO,2.0_21,2.045195065792712,0.0,27.0-26.5-22.0-21.5
145,COST,2.0_21,4.166462928352216,0.0,125.0-120.0-105.0-100.0
146,COP,2.0_21,4.078953880825913,0.0,70.0-67.5-57.5-55.0
147,CLF,2.0_21,3.628951048758541,0.0,25.0-24.5-17.0-16.5
148,CL,2.0_21,35.15091100898958,0.0,105.0-100.0-25.0-20.0
149,CELG,2.0_21,8.341152369855307,0.0,140.0-135.0-115.0-110.0
150,CAT,2.0_21,5.272738693822532,0.0,97.5-95.0-80.0-77.5
151,C,2.0_21,3.7568439135098775,0.0,60.0-57.5-47.5-45.0
152,BP,2.0_21,1.7610635314788514,0.0,45.5-45.0-41.0-40.5
153,BMY,2.0_21,2.6869348796759205,0.0,46.5-46.0-40.5-40.0
154,BK,2.0_21,1.9142672351631185,0.0,33.0-32.5-28.5-28.0
155,BIDU,2.0_21,7.800196090331259,0.0,107.5-105.0-85.0-82.5
156,BAX,2.0_21,2.1001228988981064,0.0,80.0-77.5-70.0-67.5
157,BAC,2.0_21,1.0944648616256862,0.0,15.5-15.0-12.0-11.5
158,BA,2.0_21,6.109724956789713,0.0,110.0-107.5-92.5-90.0
159,AXP,2.0_21,3.81157860060257,0.0,80.0-77.5-67.5-65.0
160,APOL,2.0_21,2.7648735439954053,0.0,25.0-24.5-18.5-18.0
161,APC,2.0_21,5.34139040218663,0.0,100.0-97.5-82.5-80.0
162,APA,2.0_21,9.761031658980473,0.0,95.0-92.5-70.0-67.5
163,AMRN,2.0_21,0.6729225526795501,0.0,8.5-8.0-6.0-5.5
164,AIG,2.0_21,4.49746722373509,0.0,50.5-50.0-40.5-40.0
165,AET,2.0_21,3.083341724570307,0.0,67.5-65.0-55.0-52.5
166,ACN,2.0_21,3.9215230277460904,0.0,90.0-87.5-77.5-75.0
167,ABX,2.0_21,2.0192233301799125,0.0,21.5-21.0-16.5-16.0
168,AA,2.0_21,0.42480920086888063,0.0,10.0-9.5-8.0-7.5
169,XME,2.0_21,1.994958407491005,0.0,40.0-39.5-35.0-34.5
170,XLF,2.0_21,1.0811219921474,0.0,22.0-21.5-18.5-18.0
171,XLE,2.0_21,4.29700626682611,0.0,90.0-87.5-77.5-75.0
172,XLB,2.0_21,1.9939570611988515,0.0,44.0-43.5-39.0-38.5
173,UNG,2.0_21,1.8132060529559761,0.0,24.5-24.0-20.0-19.5
174,USO,2.0_21,1.746752633289775,0.0,36.5-36.0-32.0-31.5
175,TLT,2.0_21,4.824672503072591,0.0,130.0-125.0-110.0-105.0
176,SSO,2.0_21,6.378673544748641,0.0,92.5-90.0-75.0-72.5
177,SPY,2.0_21,3.4083024681336185,0.0,180.0-175.0-160.0-155.0
178,SLV,2.0_21,1.1608871812622652,0.0,23.5-23.0-20.0-19.5
179,QQQ,2.0_21,3.6991329743474686,0.0,82.5-80.0-70.0-67.5
180,IWM,2.0_21,5.024712074196036,0.0,107.5-105.0-92.5-90.0
181,GDX,2.0_21,2.184678248076602,0.0,29.5-29.0-24.0-23.5
182,GLD,2.0_21,7.35770318716896,0.0,145.0-140.0-120.0-115.0
183,FXI,2.0_21,1.5111137488305648,0.0,40.0-39.5-36.0-35.5
184,EWJ,2.0_21,0.4442028708554127,0.0,13.5-13.0-11.5-11.0
185,EFA,2.0_21,2.40071893993683,0.0,70.0-67.5-60.0-57.5
186,EEM,2.0_21,1.422260440954735,0.0,45.5-45.0-42.0-41.5
187,DIA,2.0_21,5.046254622419057,0.0,165.0-160.0-145.0-140.0
188,AGQ,2.0_21,2.5574946818359257,0.0,25.5-25.0-19.5-19.0
189,RUT,2.0_21,50.05793959194161,0.0,1055.0-1050.0-945.0-940.0
190,NDX,2.0_21,147.48876349129276,0.0,3185.0-3180.0-2880.0-2875.0
191,XEO,2.0_21,26.671940526114156,0.0,780.0-775.0-720.0-715.0
192,OEX,2.0_21,26.671940526114156,0.0,780.0-775.0-720.0-715.0
1,KO,1.75_21,0.5747789430149078,324.79999999999995,44.5-44.0-42.0-41.5
2,TBT,1.75_21,4.008000150740183,276.22,72.5-70.0-60.0-57.5
3,CRM,1.75_21,3.322215281254362,267.2000000000001,51.0-50.5-43.0-42.5
4,VXX,1.75_21,1.1109386046642418,253.60000000000008,20.0-19.5-16.5-16.0
5,CMG,1.75_21,8.662072716734723,251.04000000000002,390.0-385.0-365.0-360.0
6,SDS,1.75_21,3.079951940912931,238.39999999999998,42.5-42.0-35.0-34.5
7,FMCN,1.75_21,0.306997896301152,208.0,28.5-28.0-27.0-26.5
8,NKE,1.75_21,2.5935071974708928,197.32,72.5-70.0-62.5-60.0
9,MDLZ,1.75_21,0.6199828626663813,188.8,33.0-32.5-30.5-30.0
10,ARNA,1.75_21,0.3775143485131836,154.30000000000004,9.0-8.5-7.5-7.0
11,GILD,1.75_21,3.3975093818855,153.28,62.5-60.0-52.5-50.0
12,UA,1.75_21,3.776346227947503,122.56,70.0-67.5-57.5-55.0
13,FAS,1.75_21,8.407950490953983,113.32,82.5-80.0-60.0-57.5
14,ISRG,1.75_21,16.21047360761965,109.49999999999997,510.0-505.0-465.0-460.0
15,WAG,1.75_21,1.06302820204044,98.2,51.5-51.0-48.5-48.0
16,FAZ,1.75_21,5.344774687330919,93.0,39.0-38.0-26.0-25.0
17,FB,1.75_21,1.4268815064094607,82.69999999999997,28.5-28.0-24.5-24.0
18,BBRY,1.75_21,1.1064947469373727,76.80000000000001,16.5-16.0-13.5-13.0
19,TZA,1.75_21,5.2824515102680625,72.35,38.0-37.0-25.5-25.0
20,S,1.75_21,0.16757150215156935,63.0,8.0-7.5-7.0-6.5
21,DELL,1.75_21,0.16990499796454867,59.7,14.5-14.0-13.0-12.5
22,UNXL,1.75_21,3.804531700266583,52.69999999999997,31.5-31.0-23.0-22.5
23,NAV,1.75_21,3.599280859884837,51.1,42.5-42.0-34.5-34.0
24,VHC,1.75_21,2.3410978105011617,44.400000000000006,25.5-25.0-20.0-19.5
25,TGT,1.75_21,1.0453166386315695,41.6,75.0-72.5-70.0-67.5
26,CHK,1.75_21,1.0978871754419937,39.49999999999999,22.0-21.5-19.0-18.5
27,WLT,1.75_21,1.404440354138734,38.7,20.0-19.5-16.5-16.0
28,TNA,1.75_21,6.033322588618425,36.26,60.0-57.5-42.5-40.0
29,BBY,1.75_21,2.058485841178737,36.20000000000001,29.5-29.0-24.5-24.0
30,FSLR,1.75_21,6.260131837669235,36.2,58.0-57.0-43.0-42.0
31,NFLX,1.75_21,32.535727605715735,32.620000000000005,280.0-275.0-205.0-200.0
32,VOD,1.75_21,0.6002501214771498,31.5,31.5-31.0-29.5-29.0
33,VMW,1.75_21,5.03479172442449,29.259999999999998,87.5-85.0-72.5-70.0
34,DECK,1.75_21,3.863485661722239,28.360000000000003,60.0-57.5-47.5-45.0
35,HPQ,1.75_21,1.1608657868160301,26.000000000000007,23.0-22.5-20.0-19.5
36,AAPL,1.75_21,21.05970235623792,25.94,460.0-455.0-410.0-405.0
37,CF,1.75_21,8.571811737219466,25.46,205.0-200.0-180.0-175.0
38,AMZN,1.75_21,8.046926043527412,24.81,285.0-280.0-260.0-255.0
39,MPEL,1.75_21,1.0633080260833798,22.199999999999996,26.0-25.5-22.5-22.0
40,IP,1.75_21,1.9079384052776263,17.800000000000004,51.0-50.5-46.0-45.5
41,APC,1.75_21,4.673716601913301,17.52,97.5-95.0-85.0-82.5
42,LNKD,1.75_21,12.947206004900565,15.42,205.0-200.0-165.0-160.0
43,CREE,1.75_21,4.222354743899823,15.28,67.5-65.0-55.0-52.5
44,LULU,1.75_21,5.528266078376954,14.940000000000001,90.0-87.5-75.0-72.5
45,GRPN,1.75_21,0.7938227656935353,14.7,8.5-8.0-6.0-5.5
46,BIDU,1.75_21,6.825171579039852,14.32,105.0-102.5-87.5-85.0
47,COH,1.75_21,4.1956098583320784,14.279999999999998,67.5-65.0-55.0-52.5
48,FFIV,1.75_21,5.887390073283744,13.780000000000003,92.5-90.0-75.0-72.5
49,QCOR,1.75_21,6.855333553154071,12.000000000000004,46.0-45.0-30.0-29.0
50,WMB,1.75_21,1.2393551750809768,10.999999999999998,39.0-38.5-35.5-35.0
51,JPM,1.75_21,2.2414549311403364,10.459999999999999,57.5-55.0-50.0-47.5
52,MON,1.75_21,3.1189920580747437,9.04,120.0-115.0-105.0-100.0
53,LVS,1.75_21,3.0440439112032096,8.06,65.0-62.5-55.0-52.5
54,XME,1.75_21,1.7455886065546293,7.1999999999999975,40.0-39.5-35.5-35.0
55,ANF,1.75_21,4.95846342966582,6.94,62.5-60.0-47.5-45.0
56,MA,1.75_21,29.271539391247128,5.730000000000001,620.0-615.0-555.0-550.0
57,JOY,1.75_21,3.5588828127658263,5.34,65.0-62.5-52.5-50.0
58,ANR,1.75_21,0.3807052118547016,5.1,8.0-7.5-6.0-5.5
59,BAX,1.75_21,1.837607536535843,5.08,77.5-75.0-70.0-67.5
60,TSO,1.75_21,4.847070077204718,5.0600000000000005,70.0-67.5-55.0-52.5
61,EWZ,1.75_21,1.1569283145467575,4.760000000000001,60.0-57.5-52.5-50.0
62,SBUX,1.75_21,3.0789685772998707,4.74,70.0-67.5-60.0-57.5
63,NEM,1.75_21,1.6179342539176298,4.700000000000003,33.0-32.5-29.0-28.5
64,PCLN,1.75_21,73.43822135815927,4.35,895.0-890.0-740.0-735.0
65,PM,1.75_21,2.0203033497472616,4.139999999999999,102.5-100.0-92.5-90.0
66,IOC,1.75_21,8.290911791433638,4.079999999999999,102.5-100.0-80.0-77.5
67,T,1.75_21,0.9222453352190686,4.0,39.0-38.5-36.5-36.0
68,PSX,1.75_21,3.3780060070007765,3.6800000000000006,72.5-70.0-60.0-57.5
69,TIF,1.75_21,3.756315459773491,3.3000000000000003,85.0-82.5-72.5-70.0
70,KORS,1.75_21,4.656939132448837,3.2399999999999998,70.0-67.5-55.0-52.5
71,WMT,1.75_21,0.8999768515541569,2.78,82.5-80.0-75.0-72.5
72,EBAY,1.75_21,2.839724715237963,2.78,62.5-60.0-52.5-50.0
73,NDX,1.75_21,129.05266805488117,2.5599999999999996,3165.0-3160.0-2895.0-2890.0
74,WYNN,1.75_21,7.303984928334213,2.29,155.0-150.0-130.0-125.0
75,HES,1.75_21,2.993976487605293,1.9,77.5-75.0-65.0-62.5
76,NTAP,1.75_21,2.18394911799703,1.899999999999999,41.0-40.5-35.5-35.0
77,HD,1.75_21,2.7957501602134145,1.86,82.5-80.0-72.5-70.0
78,FXI,1.75_21,1.3222245302267441,1.7000000000000002,40.0-39.5-36.5-36.0
79,C,1.75_21,3.287238424321143,1.4399999999999995,57.5-55.0-47.5-45.0
80,CAT,1.75_21,4.613646357094716,0.9800000000000003,95.0-92.5-82.5-80.0
81,RUT,1.75_21,43.80069714294891,0.9099999999999997,1050.0-1045.0-950.0-945.0
82,MOS,1.75_21,2.9604526680897982,0.8799999999999999,67.5-65.0-57.5-55.0
83,SLB,1.75_21,3.6959113388987017,0.8399999999999997,82.5-80.0-70.0-67.5
84,COF,1.75_21,2.51808260388733,0.6799999999999997,67.5-65.0-57.5-55.0
85,UNH,1.75_21,2.5437228295027223,0.6200000000000001,70.0-67.5-60.0-57.5
86,FXE,1.75_21,1.6605782752804341,0.4,135.0-130.0-125.0-120.0
87,QCOM,1.75_21,2.6704924639474257,0.28,72.5-70.0-62.5-60.0
88,UNG,1.75_21,1.586555296336479,0.1999999999999988,24.0-23.5-20.0-19.5
89,YUM,1.75_21,3.030483356661109,0.0,77.5-75.0-65.0-62.5
90,YHOO,1.75_21,1.9137557968560146,0.0,29.0-28.5-24.5-24.0
91,XOM,1.75_21,2.4992936918924396,0.0,97.5-95.0-87.5-85.0
92,X,1.75_21,1.5612992052561014,0.0,20.5-20.0-16.5-16.0
93,WFM,1.75_21,11.599202271420799,0.0,125.0-120.0-90.0-85.0
94,WFC,1.75_21,1.4218457048264181,0.0,42.0-41.5-38.0-37.5
95,VZ,1.75_21,1.0064032491998438,0.0,57.5-55.0-50.0-47.5
96,VLO,1.75_21,2.359213763806353,0.0,44.5-44.0-38.5-38.0
97,VALE,1.75_21,0.9474620704809242,0.0,17.5-17.0-14.5-14.0
98,V,1.75_21,12.150451286200576,0.0,205.0-200.0-170.0-165.0
99,UTX,1.75_21,3.1365053536273977,0.0,105.0-102.5-92.5-90.0
100,UPS,1.75_21,3.518433541127833,0.0,95.0-92.5-85.0-82.5
101,UNP,1.75_21,7.88242908837963,0.0,175.0-170.0-150.0-145.0
102,TXN,1.75_21,1.321150382558069,0.0,39.0-38.5-35.0-34.5
103,TSLA,1.75_21,27.29382993843725,0.0,125.0-120.0-60.0-55.0
104,SU,1.75_21,2.642433774004564,0.0,35.5-35.0-29.0-28.5
105,STX,1.75_21,4.6290597722431714,0.0,47.0-46.5-36.5-36.0
106,SNDK,1.75_21,4.482587143603567,0.0,67.5-65.0-55.0-52.5
107,SLW,1.75_21,1.5033600561187375,0.0,24.0-23.5-20.0-19.5
108,SINA,1.75_21,8.076206527510301,0.0,72.5-70.0-50.0-47.5
109,POT,1.75_21,3.02543354331243,0.0,47.5-47.0-40.5-40.0
110,PG,1.75_21,2.9837704055998278,0.0,87.5-85.0-75.0-72.5
111,PFE,1.75_21,1.4633380789596546,0.0,31.0-30.5-27.5-27.0
112,PBR,1.75_21,1.3918486657439926,0.0,21.0-20.5-17.0-16.5
113,OXY,1.75_21,6.2920906369292995,0.0,102.5-100.0-85.0-82.5
114,ORCL,1.75_21,1.3568012320650855,0.0,37.0-36.5-33.5-33.0
115,NVDA,1.75_21,1.1164337754654323,0.0,16.5-16.0-13.5-13.0
116,MU,1.75_21,1.2279482379155895,0.0,13.5-13.0-10.0-9.5
117,MSFT,1.75_21,2.146085292651094,0.0,38.0-37.5-32.5-32.0
118,MS,1.75_21,2.3880928583285876,0.0,28.5-28.0-22.5-22.0
119,MRVL,1.75_21,0.7175335358016376,0.0,13.0-12.5-10.5-10.0
120,MRK,1.75_21,1.9163571126836811,0.0,48.5-48.0-44.0-43.5
121,MMM,1.75_21,4.566348194491233,0.0,125.0-120.0-105.0-100.0
122,MGM,1.75_21,1.9512116961860733,0.0,18.0-17.5-13.0-12.5
123,MET,1.75_21,3.795949184108413,0.0,48.0-47.5-39.0-38.5
124,MCP,1.75_21,1.1333546260254703,0.0,8.5-8.0-5.0-4.5
125,MCO,1.75_21,8.327151911568167,0.0,80.0-77.5-57.5-55.0
126,MCD,1.75_21,1.7316769930715545,0.0,110.0-105.0-95.0-90.0
127,M,1.75_21,2.8146266404267544,0.0,52.0-51.5-45.5-45.0
128,LOW,1.75_21,3.7011263769740883,0.0,47.0-46.5-38.5-38.0
129,LLY,1.75_21,2.04227752766366,0.0,62.5-60.0-52.5-50.0
130,JNJ,1.75_21,1.865638518934827,0.0,92.5-90.0-85.0-82.5
131,JCP,1.75_21,2.09554214345596,0.0,21.0-20.5-15.5-15.0
132,INTC,1.75_21,0.8627805099405833,0.0,25.5-25.0-23.0-22.5
133,IBM,1.75_21,10.23981604855933,0.0,225.0-220.0-195.0-190.0
134,HON,1.75_21,4.103469517778014,0.0,87.5-85.0-75.0-72.5
135,HLF,1.75_21,5.532529089394829,0.0,51.0-50.0-38.0-37.0
136,HAL,1.75_21,3.4151267668028575,0.0,49.5-49.0-41.5-41.0
137,GS,1.75_21,9.106428258378804,0.0,175.0-170.0-145.0-140.0
138,GPS,1.75_21,2.702359270156359,0.0,44.5-44.0-38.0-37.5
139,GOOG,1.75_21,36.2266392745035,0.0,955.0-950.0-870.0-865.0
140,GME,1.75_21,3.813404100450585,0.0,44.5-44.0-35.5-35.0
141,GMCR,1.75_21,18.078714302552967,0.0,102.5-100.0-60.0-57.5
142,GM,1.75_21,1.8594486750109567,0.0,36.0-35.5-31.5-31.0
143,GG,1.75_21,1.8822723965993866,0.0,28.5-28.0-23.5-23.0
144,GE,1.75_21,1.0199948937780685,0.0,25.0-24.5-22.0-21.5
145,FDX,1.75_21,6.0228573645183845,0.0,115.0-110.0-90.0-85.0
146,FCX,1.75_21,2.470213342675756,0.0,36.0-35.5-30.0-29.5
147,F,1.75_21,0.9683601903906073,0.0,17.0-16.5-14.0-13.5
148,EMC,1.75_21,1.1416852492404952,0.0,26.0-25.5-23.0-22.5
149,DOW,1.75_21,2.4515807400532426,0.0,39.0-38.5-33.0-32.5
150,DIS,1.75_21,3.8588547793786336,0.0,75.0-72.5-62.5-60.0
151,DE,1.75_21,5.535476059774203,0.0,97.5-95.0-80.0-77.5
152,DDD,1.75_21,9.293350086665914,0.0,57.0-56.0-37.0-36.0
153,CVX,1.75_21,4.583848774047125,0.0,135.0-130.0-115.0-110.0
154,CSCO,1.75_21,1.789545682568623,0.0,27.0-26.5-22.0-21.5
155,COST,1.75_21,3.6456550623081885,0.0,125.0-120.0-105.0-100.0
156,COP,1.75_21,3.5690846457226737,0.0,70.0-67.5-57.5-55.0
157,CLF,1.75_21,3.1753321676637234,0.0,24.5-24.0-17.5-17.0
158,CL,1.75_21,30.757047132865885,0.0,100.0-95.0-30.0-25.0
159,CELG,1.75_21,7.298508323623393,0.0,140.0-135.0-115.0-110.0
160,BP,1.75_21,1.540930590043995,0.0,45.5-45.0-41.0-40.5
161,BMY,1.75_21,2.3510680197164304,0.0,46.5-46.0-40.5-40.0
162,BK,1.75_21,1.6749838307677287,0.0,33.0-32.5-28.5-28.0
163,BAC,1.75_21,0.9576567539224754,0.0,15.0-14.5-12.0-11.5
164,BA,1.75_21,5.346009337190999,0.0,107.5-105.0-92.5-90.0
165,AXP,1.75_21,3.3351312755272486,0.0,80.0-77.5-67.5-65.0
166,APOL,1.75_21,2.4192643509959795,0.0,24.5-24.0-18.5-18.0
167,APA,1.75_21,8.540902701607914,0.0,92.5-90.0-72.5-70.0
168,AMRN,1.75_21,0.5888072335946064,0.0,8.5-8.0-6.5-6.0
169,AIG,1.75_21,3.935283820768204,0.0,50.0-49.5-41.0-40.5
170,AET,1.75_21,2.697924008999019,0.0,67.5-65.0-55.0-52.5
171,ACN,1.75_21,3.431332649277829,0.0,90.0-87.5-77.5-75.0
172,ABX,1.75_21,1.7668204139074235,0.0,21.0-20.5-16.5-16.0
173,AA,1.75_21,0.3717080507602706,0.0,9.5-9.0-8.0-7.5
174,XLF,1.75_21,0.945981743128975,0.0,21.5-21.0-19.0-18.5
175,XLE,1.75_21,3.7598804834728465,0.0,90.0-87.5-77.5-75.0
176,XLB,1.75_21,1.744712428548995,0.0,44.0-43.5-39.5-39.0
177,USO,1.75_21,1.528408554128553,0.0,36.5-36.0-32.5-32.0
178,TLT,1.75_21,4.221588440188517,0.0,130.0-125.0-110.0-105.0
179,SSO,1.75_21,5.5813393516550605,0.0,92.5-90.0-75.0-72.5
180,SPY,1.75_21,2.982264659616916,0.0,175.0-170.0-160.0-155.0
181,SLV,1.75_21,1.0157762836044821,0.0,23.0-22.5-20.0-19.5
182,QQQ,1.75_21,3.236741352554035,0.0,82.5-80.0-70.0-67.5
183,IWM,1.75_21,4.396623064921531,0.0,107.5-105.0-92.5-90.0
184,GDX,1.75_21,1.9115934670670267,0.0,29.0-28.5-24.0-23.5
185,GLD,1.75_21,6.43799028877284,0.0,145.0-140.0-120.0-115.0
186,EWJ,1.75_21,0.3886775119984861,0.0,13.5-13.0-11.5-11.0
187,EFA,1.75_21,2.1006290724447263,0.0,70.0-67.5-60.0-57.5
188,EEM,1.75_21,1.244477885835393,0.0,45.5-45.0-42.0-41.5
189,DIA,1.75_21,4.415472794616675,0.0,165.0-160.0-145.0-140.0
190,AGQ,1.75_21,2.237807846606435,0.0,25.0-24.5-19.5-19.0
191,XEO,1.75_21,23.337947960349887,0.0,780.0-775.0-720.0-715.0
192,OEX,1.75_21,23.337947960349887,0.0,780.0-775.0-720.0-715.0
